구분,종목코드,종목명,순위,점수,보유일,평단가,현재가,수익률%,사유,손절가,트레일가,감시가,트레일폭%,익절가,익절수량,투자금액,수량,실현손익
🔴손절,267250,HD현대,3,72.3,59,199500,210000,5.3,"고점대비 -17.6% (트레일 -5%, 고점 +28%)",179550,242250,242250,5.0,249375.0,,199200,0.9985,0
🔴손절,006800,미래에셋증권,7,66.9,59,42750,31650,-26.0,-26.0% (손절선 -10%),38475,40204,40204,8.0,53438.0,,130500,3.0526,0
🟡매수,034730,SK,1,80.2,0,,576000,,상위10위+외국인매수(1위),518400,,,,,,,,
🟡매수,078930,GS,2,76.2,0,,114300,,상위10위+외국인매수(2위),102870,,,,,,,,
🟡매수,005930,삼성전자,4,69.1,0,,270000,,상위10위+외국인매수(4위),243000,,,,,,,,
🟡매수,088350,한화생명,5,69.1,0,,5820,,상위10위+외국인매수(5위),5238,,,,,,,,
🟡매수,004170,신세계,6,67.9,0,,343000,,상위10위+외국인매수(6위),308700,,,,,,,,
🟡매수,375500,DL이앤씨,8,66.7,0,,81300,,상위10위+외국인매수(8위),73170,,,,,,,,
🟡매수,120110,코오롱인더,9,65.2,0,,55700,,상위10위+외국인매수(9위),50130,,,,,,,,
🟡매수,161390,한국타이어앤테크놀로지,10,64.7,0,,59300,,상위10위+외국인매수(10위),53370,,,,,,,,
